{"cameraMode":{"drawMode":0,"name":"Shaded","section":"Shading Mode"},"sceneLighting":true,"audioPlay":false,"sceneViewState":{"showFog":true,"showMaterialUpdate":false,"showSkybox":true,"showFlares":true,"showImageEffects":true,"showParticleSystems":true},"in2DMode":false,"pivot":{"x":24.083984375,"y":3.62646484375,"z":18.482421875},"rotation":{"x":-0.17717893421649934,"y":-0.3387472629547119,"z":0.06511383503675461,"w":-0.9217473268508911},"size":18.478715896606447,"orthographic":true}