{"cameraMode":{"drawMode":0,"name":"Shaded","section":"Shading Mode"},"sceneLighting":false,"audioPlay":false,"sceneViewState":{"showFog":true,"showMaterialUpdate":false,"showSkybox":true,"showFlares":true,"showImageEffects":true,"showParticleSystems":true},"in2DMode":false,"pivot":{"x":14.389892578125,"y":0.1025238037109375,"z":16.64300537109375},"rotation":{"x":-0.012103967368602753,"y":-0.8736364245414734,"z":0.021762480959296228,"w":-0.48594170808792117},"size":0.2886282205581665,"orthographic":true}