{"cameraMode":{"drawMode":0,"name":"Shaded","section":"Shading Mode"},"sceneLighting":false,"audioPlay":false,"sceneViewState":{"showFog":true,"showMaterialUpdate":false,"showSkybox":true,"showFlares":true,"showImageEffects":true,"showParticleSystems":true},"in2DMode":false,"pivot":{"x":0.27453428506851199,"y":-0.3601929545402527,"z":0.6084985733032227},"rotation":{"x":-0.029536370187997819,"y":-0.7244353890419006,"z":0.03110092133283615,"w":-0.688007116317749},"size":1.1975713968276978,"orthographic":true}