{"cameraMode":{"drawMode":0,"name":"Shaded","section":"Shading Mode"},"sceneLighting":true,"audioPlay":false,"sceneViewState":{"showFog":true,"showMaterialUpdate":false,"showSkybox":true,"showFlares":true,"showImageEffects":true,"showParticleSystems":true},"in2DMode":false,"pivot":{"x":-12.587890625,"y":3.0543212890625,"z":17.6103515625},"rotation":{"x":-0.029536370187997819,"y":-0.7244353890419006,"z":0.03110092133283615,"w":-0.688007116317749},"size":5.384056091308594,"orthographic":true}